اسم الصنف,رابط الصورة (مباشر ومتأكد إنه شغّال)
Zyrtec 10mg 20 tablets,https://www.bloompharmacy.com/cdn/shop/products/zyrtec-10-mg-20-tablets-382069.jpg?v=1687731891
Concor 5mg 30 tablets,https://www.bloompharmacy.com/cdn/shop/products/concor-5-mg-30-tablets-868718.jpg?v=1687635266
Norvasc 5mg 10 tablets,https://www.bloompharmacy.com/cdn/shop/products/norvasc-5-mg-10-tablets-677490.jpg?v=1707299145
Ursofalk 250mg 20 capsules (نفس المادة الفعالة لـ Ursodol),https://www.bloompharmacy.com/cdn/shop/products/ursofalk-250-mg-20-capsules-955197.jpg?v=1687731876
Amaryl 2mg 30 tablets,https://www.bloompharmacy.com/cdn/shop/files/amaryl-2-mg-30-tablets-208077.jpg?v=1713405820
Lipitor 20mg 28 tablets,https://www.bloompharmacy.com/cdn/shop/products/lipitor-20-mg-28-tablets-594116.jpg?v=1687635954
Crestor 10mg 28 tablets,https://www.bloompharmacy.com/cdn/shop/products/crestor-10-mg-28-tablets-126459.jpg?v=1687732349
Panadol Extra 24 tablets,https://www.bloompharmacy.com/cdn/shop/files/panadol-extra-24-tablets-241421.jpg?v=1739104999
Romage cream,https://dw2.org/img/15179.jpg
Xithrobiotic ophthalmic sol. 2.5 ml,https://dw2.org/img/19355.jpg
Zinc acid 20 tabs,https://encrypted-tbn0.gstatic.com/images?q=tbn:ANd9GcTM4Sp1aAdtZy3iMsVToYSHL6ezp83y3QMjBZPQ4EQQTA&s=10
Zakio 120 ml syrup,https://encrypted-tbn0.gstatic.com/images?q=tbn:ANd9GcSXNlt-fXLR9H7TOPXD9Xh57g27VeIcCDJ8SqU9_9371g&s=10
Whey protein powder 420 gm 14 serve,https://dwaprices.com/upload/1775675593.png
Centravita Solvo Plus 20 tablets,https://encrypted-tbn0.gstatic.com/images?q=tbn:ANd9GcQzQhVSNeaB6_19qAhb4izSykyqIC4BeUUfLP_F-GIeGg&s=10
Mave Tec syrup 120 ml,https://dw2.org/img/10689.jpg
Linkocetamol 10 sachets pwd. for oral susp,https://gardeniapharmacies.com/wp-content/uploads/2023/08/linex-sachets-for-adult-768x432.jpg.webp
Krota 120ml syrup,https://encrypted-tbn0.gstatic.com/images?q=tbn:ANd9GcQHf0B_L8Ar87MwdsL_6OvT0qlp1SW5CxT3SpGO9IcMwA&s=10
Ivyroegy syrup 120ml,https://encrypted-tbn0.gstatic.com/images?q=tbn:ANd9GcQmH5Ru3CV8-uLsbjeZVwdP5UZkGWPcX5kcDQUSDLyloQ&s=10
Ivymune syrup 120 ml,https://encrypted-tbn0.gstatic.com/images?q=tbn:ANd9GcRDCPLk72t-yRZZcqJfspOHGJZPU2ccj9Sk5yHrqsBM2Q&s=10
Ramatrizine 5 mg 30 f.c.tabs,https://encrypted-tbn0.gstatic.com/images?q=tbn:ANd9GcQJxEnbX8CFd---EFfq7zrrakGCwjt4Ap5R0FYYAfAyUQ&s=10
Telfast Decongestant 60/120mg 10 ext. rel. tabs,https://encrypted-tbn0.gstatic.com/images?q=tbn:ANd9GcQ7ll2VtwtDP53kMCdSuX53WJBhxgdlggIR65ZkoZ6AAg&s=10
Skivalorine 2.5mg/5ml syrup 150ml,https://encrypted-tbn0.gstatic.com/images?q=tbn:ANd9GcTfRGv-BRQYsKOKD1FaywsIcpzC2_bJ2LFRu0__RtcfAA&s
Thyroxine 50mcg 100 tab,https://encrypted-tbn0.gstatic.com/images?q=tbn:ANd9GcTIY5mrjQUuecp4M3D-Sc1qZsfO-T4VCDns_XEWdlf-_w&s=10
Thyroxine 100mcg 100 tab,https://encrypted-tbn0.gstatic.com/images?q=tbn:ANd9GcTAXajrOXWRm6W5mrNLBsfGd1t0fZ-7oEEOx43vEAaiMg&s=10
Eltroxin 50mcg 100 tabs,https://encrypted-tbn0.gstatic.com/images?q=tbn:ANd9GcThMA2eyO14pIP0zW9G8Pz0QxQRoOldmTJg_HyyRjyELA&s
Eltroxin 100 mcg 100 tabs,https://encrypted-tbn0.gstatic.com/images?q=tbn:ANd9GcR11ePkqk9ag19MZ-IA1DhjOT80Boa6peBYKdOMEAA-AQ&s=10
Amlopres 5mg,https://encrypted-tbn0.gstatic.com/images?q=tbn:ANd9GcQmaPIT_1beNJvW83Z3M2QnURLGV2FUUVW6ys__HPlMHw&s=10
Diovan 80mg,https://encrypted-tbn0.gstatic.com/images?q=tbn:ANd9GcTD22_LUTkVC_8xvu_qG0cAo8iOPXWXiqqyKc-rItrPEA&s=10
Capoten 25mg,https://encrypted-tbn0.gstatic.com/images?q=tbn:ANd9GcTGmLSRsFd-3KmTnXdKNPFFNjm2v0-hrAQqpoEGz7sadA&s=10
Glucophage 500mg,https://encrypted-tbn0.gstatic.com/images?q=tbn:ANd9GcRAslLRM_QoN3-dc1QGX4138nS2EjIPxDWvbZdCBGOc2Q&s=10
Glucomin 500mg,https://encrypted-tbn0.gstatic.com/images?q=tbn:ANd9GcRhLr_AX7ygSzxa1tuCeLO7fAzrG8yaEg3VCxTyDsCFng&s=10
Galvus Met 50/1000mg,https://encrypted-tbn0.gstatic.com/images?q=tbn:ANd9GcRN90MbqpARhIwCTcmNVSg6nx0Huyryk3XCF8UWa8MfJg&s=10
Diamicron MR 60mg,https://encrypted-tbn0.gstatic.com/images?q=tbn:ANd9GcQRPkwnyRcezVVwKIufofghIC1xF6vyZrA9cPWaUpb0GQ&s=10
Bi Alcofan,https://encrypted-tbn0.gstatic.com/images?q=tbn:ANd9GcQFa0QdrJgkhaWcsbF--vRTA7vBii5cGhHfPWWl0gH8FA&s=10
Cataflam 50mg,https://encrypted-tbn0.gstatic.com/images?q=tbn:ANd9GcSNYPEMWaBAKsreXTAEPUVD1xpx2qmpF-rZeRoSutdVsg&s=10
Brufen 400mg,https://encrypted-tbn0.gstatic.com/images?q=tbn:ANd9GcQNSAfq_BuJJ3MiiU9mjE4oSK7M1naLOP5us7Qfdcbn1w&s=10
Amoclan 1g,https://encrypted-tbn0.gstatic.com/images?q=tbn:ANd9GcTpcoTP5rx4ZUkkv1v9hB5rd782duTK2px8Vilw3Jg4Ww&s=10
Augmentin 1g,https://encrypted-tbn0.gstatic.com/images?q=tbn:ANd9GcTUrLacqJgeF8zoczf5h29yByXIp4tPsvyFbYARBVNSgw&s=10
Zinnat 500mg,https://encrypted-tbn0.gstatic.com/images?q=tbn:ANd9GcQFYprO5EmtaXjEk4_aDl_8YOXs8ytrqn_Xq86avMDKOg&s=10
Rani 150mg,https://encrypted-tbn0.gstatic.com/images?q=tbn:ANd9GcS1ujcterzoAFy6LGIMDiIMW1dSzMvWQ02GMMjrE6pbSQ&s=10
Motilium 10mg,https://encrypted-tbn0.gstatic.com/images?q=tbn:ANd9GcRZHi8SLOKWqvCXmcFPbGUtNrYvT_-5waH9-n0wpq763w&s=10
Nexium 40mg,https://encrypted-tbn0.gstatic.com/images?q=tbn:ANd9GcR-08yfh-3CVoZ8BHBZ0yjksk89b3KJ6Ul0-GT7XH2_dg&s=10
Cal-D-Vita,https://encrypted-tbn0.gstatic.com/images?q=tbn:ANd9GcRhgMuIE6w2VTDg2IHKQcNHTVN3WhkNs11RyowE7kg5AA&s=10
Bio Vit-C 1000mg,https://encrypted-tbn0.gstatic.com/images?q=tbn:ANd9GcS5M8tfcbEG1bi5tu1-O1gNTQnWSV6Inpa5t2bJnBrGuw&s=10
Feroglobin,https://encrypted-tbn0.gstatic.com/images?q=tbn:ANd9GcTW2-p1S2vZ1itbIKjdEhuAzGjVeEEolF1fcwu7Nj3Qmg&s=10
Omega Life 3,https://encrypted-tbn0.gstatic.com/images?q=tbn:ANd9GcRJ80tYD_j1QqWoWp2CqD9zn7qieA57rSaSD34jZUrFug&s=10
Coldrex,https://encrypted-tbn0.gstatic.com/images?q=tbn:ANd9GcQsRY3lNdtmHvVQBPeK7X9gQUkpo4VNuU1jCtFkDhdT3A&s=10
Comtrex,https://encrypted-tbn0.gstatic.com/images?q=tbn:ANd9GcS_ZvdP_KgMpNwdeVBxXi4CEvsdAONy9Lp-rjDMjkmgBw&s=10
